"Date","Facebook","Instagram","Pinterest","Twitter","YouTube","reddit","Tumblr","LinkedIn","VKontakte","news.ycombinator.com","Other"
2023-07,80.92,6.7,3.62,6.72,1.13,0.5,0.26,0.12,0.03,0,0
2023-08,81.95,6.54,4.21,5.32,1.15,0.41,0.3,0.1,0.03,0,0
2023-09,79.69,7.02,5.5,5.39,1.42,0.44,0.35,0.14,0.03,0.01,0
2023-10,86.59,4.43,4.62,2.94,0.81,0.28,0.22,0.08,0.03,0,0
2023-11,80.13,5.83,7.91,4.01,1,0.52,0.4,0.18,0.02,0,0
2023-12,80.8,5.48,6.94,4.28,1.26,0.59,0.41,0.2,0.03,0.01,0
2024-01,85.08,4.24,5.33,3.41,0.94,0.4,0.32,0.15,0.09,0.04,0
2024-02,81.28,7.27,5.72,3.31,1.19,0.57,0.35,0.22,0.02,0.07,0
2024-03,83.56,5.49,4.85,3.17,1.67,0.63,0.31,0.25,0.04,0.03,0.01
2024-04,82.21,4.78,5.09,4.22,2.35,0.79,0.25,0.22,0.03,0.05,0
2024-05,80.71,5.54,4.57,4.31,3.1,1.13,0.3,0.24,0.04,0.06,0
2024-06,82.92,5.89,4.01,3.38,2.24,1.04,0.24,0.17,0.06,0.06,0
2024-07,78.27,6.7,4.93,4.4,3.18,1.85,0.25,0.27,0.05,0.09,0
